urlid,label
5865,0.9741
782,0.02852
6962,0.26599
7640,0.01663
3589,0.03422
6719,0.18378
3905,0.81416
9841,0.99855
7447,0.01663
4776,0.02852
2879,0.26599
2620,0.26599
10479,0.02852
1105,0.26599
1849,0.30688
8286,0.9832
8344,0.84151
10486,0.97326
8661,0.98771
7188,0.26599
1433,0.99855
677,0.78762
469,0.16124
6988,0.77721
8024,0.01833
6896,0.26599
9154,0.68222
342,0.6848
50,0.26599
983,0.26599
6933,0.26599
8271,0.02045
5602,0.03778
4505,0.26599
4966,0.4469
2390,0.26599
6736,0.07333
4660,0.98771
7560,0.26599
3840,0.29204
5823,0.81711
5789,0.39544
1595,0.02852
6770,0.92048
3522,0.92048
5584,0.41711
8323,0.98569
3862,0.35741
373,0.26599
7345,0.26599
7708,0.99855
1398,0.61259
4298,0.26599
7467,0.03582
1878,0.99115
1832,0.26599
625,0.59246
7438,0.14636
9961,0.9832
7117,0.03582
8190,0.05129
1713,0.6848
949,0.26599
9246,0.23867
2326,0.01663
8942,0.83725
4458,0.66892
4659,0.26599
9522,0.01833
2497,0.88496
9836,0.26599
3808,0.79377
5575,0.96575
5714,0.05218
2490,0.97567
6812,0.28414
4335,0.01663
10014,0.99855
5889,0.98875
482,0.89883
8082,0.02852
5856,0.99855
8866,0.92048
2624,0.99855
1371,0.27026
4436,0.02567
2972,0.50148
3638,0.91005
6249,0.26599
7602,0.00611
9624,0.9832
7567,0.28897
6578,0.26599
7590,0.9832
8590,0.98875
10520,0.77721
1906,0.16124
1373,0.18378
1601,0.98875
4754,0.26599
8208,0.26599
1658,0.9832
1352,0.99855
8143,0.91005
7760,0.26599
7836,0.01222
9769,0.87833
503,0.88482
4909,0.14159
7162,0.02053
10035,0.98197
1992,0.46053
6133,0.26599
8519,0.75133
1879,0.26599
7107,0.83725
1225,0.59667
2451,0.98569
8252,0.03582
9214,0.29204
4850,0.95713
5891,0.03582
5274,0.30688
8623,0.00611
562,0.96575
860,0.26599
4199,0.98771
7616,0.02567
10544,0.26599
1567,0.99855
6552,0.01833
954,0.06506
111,0.26599
7036,0.9832
1995,0.99855
7095,0.26599
10180,0.66892
6872,0.99855
4805,0.99115
355,0.9741
8097,0.99855
9271,0.92048
431,0.26599
1646,0.91005
143,0.99855
3436,0.01833
150,0.26599
9745,0.70266
715,0.26599
578,0.02139
8684,0.79377
1186,0.9741
9115,0.4469
9239,0.01663
5461,0.6116
5424,0.77063
1349,0.99855
609,0.83367
7569,0.07333
1622,0.26599
6541,0.02045
9873,0.97142
305,0.83777
6041,0.26599
5360,0.26599
8445,0.9832
7260,0.23262
4526,0.8174
138,0.28208
168,0.02702
7888,0.94018
4639,0.91005
867,0.03778
9673,0.98771
710,0.05585
4749,0.02567
4716,0.03582
410,0.79377
2155,0.9741
3289,0.1714
7774,0.59246
1200,0.0531
9057,0.55333
2261,0.26599
9612,0.26599
4987,0.29204
3605,0.9832
5068,0.9741
4474,0.9741
5831,0.84151
4729,0.72972
10060,0.51974
6895,0.83725
3791,0.99855
7910,0.1399
4209,0.0329
4984,0.94018
1773,0.1399
2101,0.50089
7251,0.00611
2887,0.26599
875,0.87833
8185,0.26599
9688,0.98875
5342,0.26599
6802,0.07333
3077,0.59246
712,0.14636
3026,0.26599
2640,0.01222
4872,0.72972
3334,0.9741
2431,0.04667
9218,0.55333
7417,0.6848
3563,0.99855
1006,0.93047
8940,0.26599
7703,0.85616
2686,0.05585
8159,0.99855
37,0.0531
65,0.03778
1910,0.26599
2202,0.71123
9717,0.97027
2388,0.88482
2365,0.46053
5072,0.83725
4614,0.29204
6955,0.06416
4094,0.26599
3319,0.98771
1456,0.97326
5381,0.98875
4479,0.9832
4766,0.46053
6076,0.9832
8064,0.14636
3416,0.99855
4892,0.23262
9942,0.98875
9215,0.26599
4506,0.50078
9275,0.26599
1306,0.83367
6828,0.79377
8368,0.26599
7205,0.01833
360,0.9832
3386,0.14159
3835,0.59667
1305,0.26599
7963,0.00755
2073,0.19157
4230,0.14636
9012,0.00755
2723,0.79377
6788,0.98875
7945,0.05585
4868,0.98569
6597,0.02139
7323,0.26599
6229,0.88496
3427,0.12833
7727,0.1714
4707,0.98771
2547,0.91741
4523,0.97326
9648,0.91741
1084,0.05129
3327,0.9741
5591,0.26599
186,0.03778
2938,0.0531
9912,0.9741
6047,0.10053
2417,0.77063
10533,0.06506
1137,0.26599
1533,0.96575
9233,0.05585
43,0.23262
8986,0.00611
6000,0.97326
480,0.03582
2457,0.06416
5362,0.03582
7722,0.56416
7940,0.99115
6104,0.98569
8853,0.23986
5813,0.89883
4769,0.26599
2544,0.07333
6379,0.14636
5262,0.19737
9885,0.01833
10081,0.28414
1315,0.55333
3388,0.02139
3473,0.99115
2117,0.26599
9411,0.3003
9379,0.99855
4236,0.20764
2049,0.4469
4786,0.02852
1604,0.14636
7659,0.30688
8152,0.07333
5417,0.28897
160,0.02045
6826,0.98771
1815,0.93047
3647,0.91005
5605,0.03582
3526,0.99855
3854,0.99855
1053,0.26254
2411,0.83481
6015,0.41119
2089,0.99855
7745,0.9832
6816,0.85616
3934,0.02053
6547,0.26599
3758,0.64349
7158,0.99115
1584,0.50046
2982,0.99855
7679,0.79377
5286,0.98875
3776,0.88482
1235,0.46053
6294,0.35741
1012,0.92048
10318,0.5019
7134,0.50089
5180,0.89883
2108,0.50046
3639,0.83725
6729,0.23203
2472,0.10053
10235,0.85616
190,0.99855
4713,0.89883
6827,0.0329
6108,0.71123
1114,0.98771
4848,0.26599
606,0.0177
1573,0.85616
8546,0.01222
5193,0.23867
2936,0.03208
5104,0.30038
6712,0.01663
3055,0.91741
74,0.98771
7726,0.77721
9183,0.41119
162,0.30688
7288,0.85616
8657,0.91005
1295,0.26599
8207,0.26599
4433,0.99855
590,0.99115
10549,0.26599
7749,0.72972
405,0.98875
10267,0.96575
7133,0.26599
7584,0.77394
6616,0.91741
1719,0.26599
9761,0.91741
5859,0.00611
5662,0.05129
1736,0.26599
9333,0.26599
1102,0.28897
2790,0.77721
6598,0.6848
7995,0.99855
4452,0.98875
159,0.26599
511,0.59667
7006,0.54278
1123,0.4469
6073,0.26599
7094,0.07567
10008,0.29356
7573,0.23986
679,0.30688
6809,0.06416
1108,0.88482
380,0.01663
204,0.83777
7075,0.72972
2550,0.07567
9785,0.10266
5036,0.26599
3129,0.46958
6495,0.91005
880,0.00755
2360,0.26599
7839,0.14159
350,0.26599
9151,0.99115
6650,0.68222
7208,0.97884
5840,0.02045
5997,0.23986
2103,0.89883
713,0.87833
7771,0.78762
10255,0.28414
3944,0.99855
4250,0.06506
2833,0.01222
3052,0.14159
7855,0.99855
4152,0.26599
4445,0.99855
10036,0.26599
9727,0.4103
2234,0.0329
9632,0.99855
626,0.91889
1644,0.26599
4859,0.5019
3987,0.14636
5884,0.8174
4112,0.96575
10392,0.01663
2962,0.26599
21,0.26599
8524,0.97142
2543,0.26599
663,0.83481
2748,0.27026
3451,0.23867
964,0.39544
10560,0.9832
2428,0.26599
4520,0.62833
7660,0.91741
6583,0.26599
10390,0.26599
688,0.07333
7957,0.89883
3356,0.18378
1766,0.26599
9128,0.85616
2340,0.26599
9421,0.26599
7712,0.87567
8200,0.87833
8762,0.23867
6446,0.83777
5194,0.01663
960,0.26599
779,0.99855
3584,0.72972
3011,0.23867
2769,0.18378
1392,0.05405
7254,0.9054
9084,0.26599
9622,0.26599
3665,0.26599
1609,0.26599
6130,0.26599
10155,0.00755
7826,0.95713
8300,0.00755
5038,0.26599
7582,0.17111
9561,0.23262
7430,0.91005
5045,0.97142
10421,0.26599
5675,0.03582
4687,0.77063
4944,0.97142
5105,0.98875
148,0.00755
6371,0.26599
8108,0.55333
4354,0.07333
6077,0.98197
4292,0.1399
10068,0.26599
5821,0.01663
1042,0.96958
7715,0.26599
9703,0.26599
2761,0.26599
7002,0.81416
7313,0.77721
9050,0.70266
5518,0.41119
10556,0.9832
1078,0.26599
9699,0.26599
10445,0.98875
8748,0.81711
2960,0.02045
4317,0.14636
939,0.03778
8423,0.05585
5196,0.46958
8151,0.03208
7199,0.99855
1574,0.26599
8566,0.06416
7389,0.62833
1177,0.14053
10282,0.18378
10098,0.26599
4512,0.20764
4055,0.99855
8431,0.97142
4532,0.26599
10450,0.26599
5754,0.9741
1882,0.99855
1563,0.98875
4871,0.9832
8440,0.28414
3253,0.6848
8270,0.77027
4610,0.04667
9619,0.0177
8786,0.03582
2889,0.96575
9781,0.06506
5061,0.26599
7059,0.97326
2064,0.83367
1587,0.26599
1934,0.96575
5516,0.05218
9853,0.95576
7867,0.06506
1556,0.30688
5495,0.26599
4274,0.23262
8177,0.53208
9491,0.98875
9813,0.02852
2205,0.01222
2710,0.26599
2992,0.19157
7998,0.26599
6428,0.93047
6638,0.26599
3035,0.59667
1578,0.56305
1324,0.77027
2316,0.98569
9326,0.26599
7359,0.97326
7741,0.41119
5143,0.26599
8196,0.99115
630,0.26599
8481,0.96575
8497,0.26599
5409,0.83367
5749,0.26599
8219,0.26599
9571,0.95944
4886,0.96575
5367,0.02852
1185,0.19333
8291,0.08555
1590,0.39701
7698,0.30688
51,0.26599
8784,0.03582
3928,0.03778
5987,0.05129
7008,0.99855
7482,0.88482
9374,0.26599
1296,0.9832
10289,0.99855
2986,0.26599
4651,0.16124
8594,0.26599
7469,0.6848
2871,0.02045
1903,0.99855
8571,0.8174
4832,0.84151
1242,0.9832
7115,0.26599
3599,0.26599
2065,0.16124
4529,0.02702
763,0.26599
6698,0.98875
2002,0.84151
2020,0.77721
5229,0.03778
8243,0.87833
6936,0.89883
9360,0.94018
4360,0.20764
7951,0.26599
6701,0.91889
7574,0.99855
2426,0.01663
1681,0.99855
7135,0.26599
3688,0.14159
3872,0.26599
558,0.00611
2228,0.78762
8170,0.26599
7171,0.01833
7756,0.05129
3609,0.10053
3985,0.16124
1139,0.00611
3453,0.78762
7583,0.26599
9788,0.9832
10175,0.92048
6059,0.00611
104,0.03778
10168,0.30038
8902,0.98771
5343,0.71123
4239,0.03422
6767,0.26599
6269,0.26599
6682,0.53208
9558,0.83367
2416,0.56305
6592,0.01663
6196,0.56305
2751,0.98771
3412,0.9832
8302,0.77721
1120,0.79377
8005,0.02852
6637,0.01833
6440,0.0531
6679,0.99115
8039,0.10266
5357,0.50078
8844,0.99855
2964,0.00755
6040,0.23203
7259,0.29278
8974,0.96958
7439,0.26599
1045,0.02053
7706,0.01663
9724,0.26599
3698,0.23867
7339,0.98875
1749,0.03582
7257,0.26599
2963,0.99115
7775,0.02702
10501,0.05129
4258,0.98875
7908,0.99855
722,0.28414
6519,0.96958
6916,0.83725
4456,0.97326
2731,0.23203
917,0.98875
4107,0.93916
7894,0.77721
2540,0.26599
8455,0.98771
10406,0.98875
8909,0.26599
5489,0.26599
306,0.70944
3894,0.10053
2735,0.26599
4939,0.94592
1551,0.91741
777,0.28208
2160,0.8174
8599,0.8174
2727,0.77027
6362,0.26599
1417,0.89883
10343,0.14053
4866,0.99855
2682,0.00611
9856,0.01663
4498,0.26599
7450,0.26599
6899,0.1399
5649,0.83783
6086,0.00611
1618,0.03778
9926,0.26599
2847,0.26599
8099,0.9832
5724,0.26599
3358,0.26599
8136,0.14636
955,0.01833
8819,0.00611
5832,0.77063
10413,0.99855
6548,0.02045
8407,0.46053
10090,0.26599
8564,0.26599
808,0.96575
5303,0.97296
8913,0.9832
9425,0.94018
9543,0.99855
1219,0.88496
9575,0.9832
4019,0.90266
6223,0.98875
9588,0.00611
4739,0.28414
10492,0.79377
2017,0.07567
5524,0.95713
7449,0.6116
5734,0.0531
5456,0.03422
797,0.87567
5525,0.00611
8265,0.29204
1981,0.97326
8977,0.6848
6241,0.71123
6021,0.12833
7720,0.26599
8632,0.26599
6705,0.26599
2476,0.91005
3510,0.26254
8887,0.96958
10115,0.05129
9061,0.02045
5570,0.14159
2763,0.10266
1437,0.77721
3448,0.05129
3529,0.26599
3156,0.00755
4604,0.88482
6776,0.77721
10227,0.77721
1545,0.68222
10487,0.91889
993,0.05585
1161,0.98771
7975,0.9741
1591,0.03208
7804,0.98875
5048,0.00755
10454,0.83367
3567,0.26599
5886,0.26599
9937,0.83725
3931,0.46053
9706,0.99115
10193,0.26599
5569,0.99115
9747,0.26599
2217,0.50148
5936,0.00611
3885,0.99115
1086,0.26599
1799,0.77721
9763,0.9832
3299,0.02139
8268,0.8174
473,0.70266
337,0.9741
9381,0.6848
6426,0.26599
1210,0.1399
4986,0.92048
8285,0.68222
2024,0.85616
245,0.98875
4807,0.02053
2208,0.88482
9835,0.75133
8963,0.91005
9946,0.23203
5230,0.26599
2788,0.00611
674,0.91889
1629,0.97326
2300,0.26599
169,0.1399
3575,0.99855
6910,0.1399
1479,0.64349
10498,0.81711
8062,0.18378
9672,0.00755
9467,0.04278
6763,0.26599
8508,0.26599
1034,0.26599
3756,0.19737
9263,0.16124
8141,0.77063
532,0.99855
7022,0.00611
4024,0.26599
3298,0.26599
5641,0.20764
10455,0.26599
5206,0.98875
7005,0.14159
8971,0.3003
8358,0.12833
257,0.26599
78,0.97027
6333,0.94592
7969,0.26599
2505,0.85616
2004,0.98569
3748,0.85616
5668,0.26599
365,0.28414
9651,0.26599
2324,0.03582
3902,0.00611
9294,0.00611
5377,0.55333
2817,0.94018
7670,0.26599
4755,0.9832
255,0.96575
2714,0.6848
2922,0.26599
5517,0.29204
5157,0.77027
64,0.21619
5300,0.08555
451,0.26599
3941,0.88482
326,0.1399
3757,0.03778
8798,0.26599
2315,0.99855
6755,0.99855
2916,0.88564
7406,0.90266
3703,0.96575
5403,0.05218
622,0.46958
9,0.18378
5848,0.46053
8670,0.1399
1156,0.02045
10179,0.87833
2028,0.99855
3924,0.83783
620,0.87833
1963,0.51974
4537,0.07333
8970,0.83777
3024,0.98875
6140,0.84151
1866,0.26599
4442,0.99855
2312,0.08555
6749,0.28414
459,0.59667
1516,0.81711
8817,0.05405
4912,0.00611
2076,0.01222
10023,0.6848
7684,0.26599
3531,0.14159
6209,0.95576
10508,0.97326
8678,0.54278
3541,0.1399
1208,0.51974
4090,0.92048
1097,0.20764
5099,0.94018
2816,0.26599
4291,0.26599
1409,0.94018
6401,0.02045
4617,0.50078
6111,0.0531
6172,0.99855
10357,0.1714
8465,0.97326
3867,0.77063
9495,0.9054
4348,0.6848
7879,0.26599
9273,0.94592
3252,0.26599
9167,0.26599
2573,0.02702
7395,0.99855
9046,0.03582
1526,0.0531
9339,0.02045
10301,0.99115
7588,0.9832
1104,0.01663
1310,0.26599
6631,0.26599
10475,0.26599
9090,0.00611
1528,0.18378
1657,0.70944
1175,0.26599
1895,0.26599
3864,0.1714
4700,0.26599
3572,0.72972
10507,0.01222
269,0.68222
5744,0.41711
1687,0.06506
3020,0.02852
4974,0.94018
5119,0.12833
1916,0.91005
6687,0.99855
2197,0.77063
8641,0.02045
10073,0.50148
1967,0.26599
4999,0.21141
9816,0.26599
734,0.96575
9665,0.50046
5092,0.8174
2591,0.64349
9877,0.9741
4601,0.97326
7734,0.26599
7185,0.91741
6405,0.87833
7003,0.87833
928,0.08555
6490,0.05585
1586,0.02567
10139,0.94018
1192,0.88482
10526,0.75133
5544,0.97027
8779,0.29278
4497,0.05218
3059,0.83367
2181,0.26599
2303,0.30688
1190,0.77721
1468,0.22848
8771,0.28414
8997,0.97142
6365,0.41711
10355,0.14636
3478,0.77394
3764,0.26599
3542,0.62833
4941,0.16124
1840,0.30688
463,0.03778
7407,0.0329
7711,0.29204
6044,0.00611
3750,0.98875
10114,0.16124
1332,0.88482
425,0.97142
3479,0.99855
1979,0.96958
2994,0.66892
207,0.26599
5820,0.99855
9187,0.26599
5423,0.99855
2743,0.03778
2902,0.96575
9126,0.99855
7903,0.89883
4100,0.83725
3578,0.22848
6061,0.75133
5081,0.26599
4575,0.26599
6695,0.97142
5960,0.02045
10186,0.04667
6795,0.6848
10022,0.26599
5841,0.77063
7481,0.01222
9331,0.26599
400,0.99855
6907,0.59246
10393,0.59667
3709,0.61259
4726,0.99115
3007,0.20764
4723,0.1399
597,0.26599
1810,0.77721
4131,0.91889
4697,0.97567
8838,0.91005
5956,0.00611
4196,0.12833
63,0.98875
1714,0.55961
904,0.19157
9715,0.99855
4,0.26599
5462,0.72972
259,0.0329
5418,0.03778
6849,0.01663
9893,0.26599
10003,0.77027
4976,0.26599
7611,0.99855
900,0.21141
3746,0.12833
3893,0.55961
2966,0.7237
9667,0.64349
9734,0.0531
8123,0.30688
8470,0.95713
4058,0.01833
4623,0.96575
3782,0.14159
7966,0.26599
6003,0.88482
2168,0.12833
422,0.26599
6381,0.3003
1136,0.17111
3443,0.77721
2214,0.26599
9973,0.97326
1593,0.26599
5474,0.01222
812,0.97326
4703,0.26599
4294,0.97326
10021,0.26599
395,0.00755
3237,0.26599
9099,0.61259
2401,0.0531
10371,0.20764
3420,0.88482
3460,0.95713
9088,0.26599
5995,0.83367
3084,0.9741
3595,0.06506
9524,0.54278
167,0.88496
9743,0.98771
6109,0.01663
433,0.01663
6292,0.26599
8125,0.26599
4035,0.02852
2929,0.19737
8810,0.97326
4403,0.26599
3925,0.9741
1290,0.35741
3689,0.96575
6709,0.01663
8021,0.81711
6237,0.95713
1453,0.14636
7340,0.83777
6078,0.72972
2369,0.23262
1781,0.30688
3830,0.98771
7625,0.58555
8150,0.02139
1680,0.93047
7077,0.14636
3360,0.97567
7927,0.39544
244,0.01663
8107,0.79377
820,0.99855
5915,0.99855
924,0.20764
9207,0.6848
4077,0.89883
6052,0.77027
508,0.97027
8105,0.53208
4405,0.26599
7558,0.26599
6094,0.6848
484,0.9832
8927,0.26599
310,0.08555
8075,0.9832
1094,0.28414
3211,0.26599
1700,0.84151
4816,0.72972
9354,0.26599
8845,0.18378
7530,0.9741
1520,0.16124
1087,0.98771
5786,0.88496
6847,0.77721
999,0.14636
5308,0.26599
6569,0.51974
10200,0.14636
5868,0.94018
1757,0.26599
4625,0.10266
2955,0.71123
6187,0.8174
9931,0.77063
4883,0.02852
2488,0.6116
156,0.99855
2820,0.26599
1311,0.01222
1517,0.0177
3640,0.21141
5763,0.74283
6689,0.26599
1193,0.26599
8217,0.97142
10327,0.19333
5042,0.6848
6903,0.02045
2068,0.98569
7614,0.26599
8842,0.26599
2445,0.26599
10276,0.1399
4931,0.26599
6842,0.59667
5927,0.39701
6207,0.26599
4539,0.39701
8721,0.02045
3618,0.26254
2580,0.75133
5321,0.9741
3181,0.70944
4742,0.06506
3340,0.92048
8310,0.9054
3948,0.26599
2126,0.97027
10436,0.88496
9635,0.94018
9022,0.0531
8576,0.26599
2522,0.0177
7341,0.9741
7377,0.79377
7636,0.01222
2536,0.6848
2706,0.95944
4814,0.14636
6032,0.26599
2630,0.97567
1857,0.26599
5412,0.99855
1957,0.03582
9805,0.07333
9256,0.23867
1055,0.51974
8439,0.29356
317,0.26599
6126,0.26599
9970,0.56305
6008,0.08555
2811,0.07333
10214,0.02045
10337,0.62833
6563,0.08555
5611,0.98875
6358,0.59667
8446,0.05129
974,0.26599
4839,0.16124
4806,0.91741
4597,0.30688
4649,0.02702
7744,0.96575
5826,0.26599
6118,0.02139
6785,0.00611
301,0.96575
3192,0.99855
9854,0.87567
9227,0.98875
4768,0.01222
2961,0.00755
4564,0.02053
2484,0.20764
1606,0.07567
2864,0.87833
2884,0.26599
2753,0.26599
4366,0.12833
2470,0.39701
6369,0.05585
2754,0.77721
2501,0.03582
8890,0.03582
2093,0.41711
4937,0.26599
2850,0.46958
3706,0.02852
6645,0.99855
5799,0.27026
4229,0.9832
4900,0.26599
7883,0.02702
4629,0.99855
6459,0.61259
10381,0.99855
220,0.97027
761,0.07333
4264,0.8174
6633,0.92048
1424,0.83367
7017,0.87567
6901,0.26599
7126,0.26599
881,0.91741
6382,0.26599
7502,0.85616
1911,0.91005
3076,0.26254
9281,0.70266
1534,0.41711
8378,0.0531
4717,0.50078
7012,0.9054
9028,0.26599
5407,0.98197
274,0.88482
9465,0.88482
5164,0.03778
937,0.26599
5264,0.51974
8051,0.19157
10304,0.59246
2403,0.0177
1697,0.97142
8142,0.05129
3734,0.55333
8487,0.02045
5123,0.99115
8726,0.02045
2336,0.6848
7376,0.02852
2793,0.0531
1998,0.14636
319,0.9741
6783,0.23986
6911,0.91741
3078,0.99855
3310,0.97142
4790,0.6848
2712,0.26599
2968,0.98875
7777,0.88482
10442,0.26599
1654,0.30038
10438,0.29204
4509,0.30688
3963,0.1714
5043,0.26599
5421,0.99855
6465,0.00755
8034,0.79377
806,0.77027
1090,0.26599
1566,0.95576
10187,0.26599
2634,0.97326
569,0.88482
135,0.26599
3732,0.94018
6247,0.90266
10466,0.02139
8429,0.26599
6725,0.14636
6128,0.01663
8496,0.1399
2433,0.9741
5552,0.94018
7122,0.26599
376,0.01663
796,0.26599
6121,0.61259
8960,0.23203
5686,0.02567
2213,0.19737
6602,0.59667
3357,0.99855
1997,0.23867
691,0.75133
4370,0.77063
9660,0.98771
7189,0.01663
6660,0.01222
2074,0.91005
5375,0.98875
1816,0.00611
9802,0.9832
7654,0.98771
3784,0.89883
9604,0.97027
6397,0.81711
7125,0.41711
1460,0.29278
5718,0.26254
5452,0.51974
7064,0.14636
8272,0.97326
3620,0.99855
2772,0.26599
5150,0.1399
125,0.26599
1005,0.26599
616,0.77721
9056,0.26599
3972,0.26599
746,0.01663
10286,0.95713
723,0.29204
1283,0.28897
8009,0.98875
8509,0.26599
8220,0.35741
7393,0.9832
8499,0.14636
3789,0.02852
9658,0.26599
8171,0.55333
1985,0.30038
733,0.00611
6706,0.26599
6282,0.26599
7243,0.41119
3995,0.98569
4375,0.23203
1647,0.26599
9306,0.9741
9272,0.0329
9464,0.10053
5340,0.26599
5475,0.99855
4911,0.96575
9315,0.68222
811,0.41119
6395,0.66892
3229,0.77721
2250,0.26599
8433,0.18378
10428,0.23986
10461,0.01663
8408,0.89883
3945,0.92048
863,0.95713
4683,0.26599
1162,0.99855
9132,0.26599
1076,0.26599
7236,0.26599
3218,0.26599
6866,0.26599
4997,0.85616
9121,0.50046
8696,0.03582
3313,0.26599
1421,0.26599
80,0.26599
8163,0.26599
4583,0.99855
4053,0.26599
8693,0.26599
4139,0.21141
6976,0.56305
3549,0.10266
5534,0.26599
1638,0.96575
6375,0.9832
1008,0.96958
9120,0.97142
8071,0.26599
3266,0.98771
10482,0.95713
5288,0.06416
6302,0.26599
2183,0.14636
9199,0.26599
5441,0.00755
4418,0.26599
7287,0.97567
1532,0.92048
2978,0.74283
1230,0.26599
6423,0.99855
9643,0.26599
5142,0.26599
9368,0.26599
6132,0.77721
9031,0.55961
4767,0.94018
844,0.26599
10296,0.23203
9045,0.77394
10469,0.26599
9223,0.26599
9340,0.30688
1226,0.46958
686,0.26599
4037,0.99855
7620,0.26599
9322,0.61259
2943,0.26599
6549,0.39701
8124,0.26599
1803,0.99115
8025,0.01222
368,0.62833
3660,0.81711
4943,0.00611
9143,0.26599
958,0.85616
4272,0.26599
200,0.02852
7314,0.98875
7827,0.21141
252,0.1399
2242,0.98569
2804,0.03778
8802,0.23986
7645,0.98569
7228,0.99855
9200,0.26599
4738,0.98771
4513,0.97142
7999,0.01663
3938,0.56416
8127,0.99115
9265,0.26599
7353,0.91005
4772,0.26599
4461,0.03778
1335,0.26599
9018,0.89883
10460,0.99855
7956,0.26599
1238,0.41119
2552,0.95713
6517,0.88482
5925,0.29356
7413,0.03582
3728,0.26599
1103,0.99855
3704,0.88482
8413,0.95713
4533,0.61259
5449,0.77721
7306,0.87833
1401,0.96575
7365,0.26599
8363,0.23986
3656,0.96958
5683,0.97142
1940,0.55333
8674,0.26599
6745,0.26599
4431,0.99855
2263,0.94018
7506,0.91005
4059,0.99855
4588,0.16124
8692,0.83367
7258,0.77063
5448,0.99855
8865,0.26599
1119,0.26599
7642,0.98771
9981,0.9741
181,0.9741
7528,0.77063
9086,0.85616
4963,0.26599
5292,0.29356
1254,0.26599
2125,0.79377
5601,0.96575
2758,0.94018
1922,0.26599
5440,0.3003
3001,0.97884
4011,0.1399
8604,0.26599
2779,0.06506
1568,0.26599
10123,0.26599
9053,0.95576
8028,0.91005
82,0.08555
2845,0.9832
10221,0.28897
8598,0.35741
5011,0.8174
7401,0.82238
8687,0.02045
8767,0.83367
10046,0.01833
1920,0.18378
4364,0.9054
9395,0.1714
3602,0.87833
9038,0.03582
7786,0.72972
5106,0.9741
9337,0.21141
1575,0.01663
10291,0.26599
2965,0.98771
1478,0.23867
3625,0.02045
7329,0.97326
4116,0.35741
9136,0.26599
6870,0.99855
4073,0.9741
7863,0.50046
7437,0.16124
278,0.98771
1977,0.26599
8570,0.26599
6800,0.23986
8964,0.00611
7534,0.98875
6539,0.98569
645,0.26599
8223,0.26599
610,0.02567
1512,0.97142
8340,0.70944
4524,0.23262
7465,0.23867
6313,0.04278
1873,0.00611
1015,0.9832
444,0.03582
4967,0.16124
8988,0.70944
3199,0.26599
8020,0.99855
6103,0.23262
362,0.02567
7325,0.43916
5730,0.28414
10448,0.97326
1452,0.03582
6669,0.87567
7892,0.23867
7859,0.8174
5866,0.99855
2970,0.59667
9609,0.3003
893,0.26599
4176,0.28414
4280,0.14636
3970,0.26599
4516,0.26599
7503,0.26599
7955,0.98771
9852,0.10266
8380,0.96575
9284,0.99855
10386,0.01663
4004,0.23203
5328,0.03208
9274,0.99115
4646,0.39701
396,0.70944
5513,0.05585
4117,0.02045
3751,0.26599
9767,0.26599
1071,0.30038
7812,0.64349
5059,0.14159
2667,0.30688
9304,0.03582
10385,0.26599
7930,0.26599
5225,0.26599
9839,0.19157
2831,0.26599
2387,0.39037
3433,0.91741
5101,0.93916
6357,0.9832
5476,0.23867
3807,0.99855
10232,0.01833
1508,0.4469
6993,0.9741
5505,0.23262
6009,0.05585
5301,0.97142
6766,0.26599
2248,0.6848
8572,0.10053
852,0.59246
7871,0.98771
6926,0.26599
10220,0.98875
9007,0.9741
6990,0.99855
2012,0.28897
5645,0.14636
9091,0.90266
3797,0.26599
7201,0.01663
672,0.96575
1257,0.97326
2010,0.6848
8222,0.9741
9636,0.23203
2746,0.26599
2919,0.98771
5231,0.26599
5625,0.03422
10254,0.27026
2651,0.29204
1740,0.95713
3212,0.26599
10502,0.14636
7139,0.0329
7210,0.26599
10049,0.07567
1621,0.30688
2301,0.14636
5798,0.98875
3812,0.9741
6190,0.83725
5503,0.01663
9972,0.26599
5646,0.0531
2003,0.97326
1069,0.26599
9656,0.92048
279,0.98771
4328,0.46053
7105,0.50046
1643,0.02852
3108,0.23867
3106,0.26599
1626,0.1399
9838,0.50046
6994,0.46053
3463,0.46958
781,0.26599
4337,0.05405
1639,0.01663
416,0.26599
7687,0.77027
9610,0.26599
2519,0.26599
10210,0.26599
8633,0.95713
1276,0.97326
4764,0.93916
7674,0.05585
6550,0.26599
3853,0.87567
341,0.06506
6258,0.07333
1884,0.07567
2855,0.00611
2196,0.39701
5326,0.97884
6380,0.01833
5580,0.14636
4563,0.26599
10414,0.10266
3226,0.77721
3175,0.9832
9457,0.55333
1705,0.01663
5910,0.14159
375,0.26599
10333,0.23203
3852,0.77063
1971,0.03778
8720,0.10266
1860,0.19737
10349,0.98875
4605,0.06506
7358,0.77027
8258,0.26599
5678,0.0531
694,0.96575
8482,0.29356
1924,0.30038
3716,0.94018
3282,0.26599
5746,0.26599
1518,0.05585
8741,0.26599
7630,0.21141
8276,0.03582
6939,0.26599
1435,0.59667
8157,0.20764
1041,0.3003
4478,0.51974
8307,0.00611
2094,0.99855
5916,0.03422
9848,0.9832
4803,0.59246
2147,0.0329
295,0.96575
861,0.26599
3822,0.26599
5609,0.97326
9450,0.1399
4122,0.05129
10558,0.26599
4285,0.14636
6184,0.84151
7295,0.1399
1926,0.99855
5026,0.26599
7952,0.98875
4194,0.26599
639,0.99115
2130,0.00755
3119,0.28208
3251,0.05129
5803,0.59246
9553,0.07567
5937,0.84151
2133,0.26599
693,0.01833
5944,0.97142
2227,0.92048
9915,0.03422
4044,0.4469
6033,0.26599
3270,0.97027
7050,0.23867
6185,0.89883
7984,0.28897
2109,0.70944
2244,0.26599
2481,0.03582
4332,0.96575
6016,0.29204
10162,0.88496
2453,0.99115
6228,0.26599
6166,0.26599
1411,0.88482
254,0.66892
7479,0.55961
1476,0.00611
7801,0.88482
4988,0.14636
4694,0.85616
10194,0.28897
2574,0.79377
8334,0.3003
419,0.20764
8643,0.8174
2548,0.03582
4615,0.97326
8772,0.26599
10463,0.96575
6756,0.26599
1503,0.99855
4095,0.26599
1723,0.29278
8829,0.26599
10085,0.74283
4796,0.14636
9756,0.26599
2158,0.26599
7273,0.27026
3056,0.26599
656,0.28208
3074,0.00611
4661,0.97884
3958,0.72972
4311,0.26599
8375,0.99855
7442,0.26599
3839,0.26599
6179,0.26599
3786,0.26599
8520,0.9054
3664,0.00611
2014,0.98875
8298,0.26599
4220,0.26599
10127,0.9054
6182,0.26599
3206,0.10266
8503,0.8174
5682,0.77721
5699,0.26599
6215,0.98771
1394,0.14636
9582,0.91741
10070,0.99855
4940,0.99855
4193,0.26599
3400,0.28208
4785,0.06506
7460,0.9741
5838,0.87833
2503,0.3003
2730,0.9741
7156,0.04667
5511,0.99855
438,0.88496
2233,0.98875
2016,0.03582
139,0.88482
384,0.06506
2313,0.26599
5145,0.98875
7864,0.53208
1195,0.9054
5365,0.26599
6977,0.10053
10001,0.08555
567,0.14636
9950,0.89883
157,0.03778
6553,0.6848
7337,0.26599
349,0.50046
4874,0.87833
10313,0.88482
8421,0.26599
9469,0.26599
9314,0.97142
3663,0.19737
7216,0.28414
8871,0.1399
5743,0.6116
2072,0.27026
2654,0.02852
5908,0.02852
9863,0.1714
457,0.05585
6965,0.02852
3030,0.02567
7765,0.01833
748,0.26599
6304,0.02852
9606,0.29204
10351,0.00755
406,0.9832
8120,0.00755
8486,0.98875
6998,0.98771
77,0.96575
841,0.26599
7709,0.83777
7404,0.99855
5606,0.59246
965,0.98569
3163,0.26599
10192,0.93047
6163,0.23867
9865,0.01833
9518,0.26599
1267,0.81711
2051,0.97326
2046,0.26599
1464,0.98771
2153,0.03582
6612,0.26599
4971,0.10266
866,0.06506
4124,0.02053
5086,0.98875
4351,0.26599
8101,0.26599
7912,0.26599
2504,0.84151
2837,0.39037
2034,0.29204
4844,0.97567
7780,0.00755
5901,0.23262
3296,0.26599
7299,0.71123
8574,0.96958
7472,0.9832
2276,0.03778
5980,0.26599
3184,0.28414
4359,0.26599
1064,0.85616
9039,0.26599
6376,0.26599
1706,0.92048
7970,0.05405
3540,0.9832
1407,0.26599
4561,0.50089
6691,0.97326
7172,0.41119
1923,0.26599
4407,0.99855
6777,0.26599
2600,0.04278
1936,0.00755
9778,0.03582
2766,0.19737
6668,0.98197
9013,0.14053
4319,0.26599
3263,0.59667
1612,0.8174
5132,0.90266
216,0.99855
7232,0.64476
9373,0.23986
5030,0.59667
10107,0.9832
8309,0.59246
8449,0.59667
6961,0.07333
4954,0.02852
7344,0.77721
8146,0.94018
1132,0.89883
6145,0.98875
1353,0.9832
3624,0.8174
5058,0.27026
9789,0.58555
7290,0.05129
8583,0.30038
1088,0.9832
9210,0.88482
8240,0.23867
3326,0.03582
6315,0.97027
8410,0.97142
4535,0.03778
5991,0.14636
1874,0.26599
1898,0.5019
3557,0.98771
8587,0.99855
4190,0.26599
7261,0.78762
6854,0.02702
9375,0.26599
6317,0.9832
7713,0.91005
7058,0.97884
7628,0.46053
3513,0.26599
7953,0.96575
3445,0.26599
8461,0.05405
2834,0.05218
3414,0.26599
9262,0.94018
9235,0.26599
3146,0.16124
3379,0.07333
1701,0.78762
5527,0.0531
8031,0.26599
4032,0.77063
9782,0.9741
7656,0.29356
2985,0.50148
9334,0.79377
3343,0.26599
4760,0.02702
10311,0.88482
2609,0.23203
5117,0.04278
6724,0.99855
671,0.9054
798,0.00611
2341,0.16124
4262,0.9832
1950,0.99855
799,0.97326
2575,0.88482
660,0.99855
6432,0.26599
3168,0.99855
7435,0.98569
4010,0.97326
2882,0.88482
5930,0.9741
7716,0.20764
4054,0.26599
3148,0.00755
670,0.26599
3519,0.26599
5770,0.26599
8876,0.99855
8357,0.14636
1620,0.31416
8558,0.26599
6786,0.98875
3825,0.83725
5857,0.26599
7685,0.77394
3947,0.26599
6449,0.26599
8636,0.02852
6046,0.10266
3205,0.23203
9435,0.98771
6865,0.26599
281,0.98771
6922,0.97296
3536,0.88482
4555,0.16124
5364,0.18378
2483,0.88482
3524,0.98569
3117,0.26599
1152,0.02053
3912,0.0329
1297,0.98569
2896,0.01663
5804,0.8174
5722,0.95713
189,0.00611
2376,0.26599
4635,0.26599
4801,0.97326
5972,0.26599
2461,0.74283
1168,0.00755
5136,0.77721
7806,0.35741
2559,0.88496
2139,0.66892
10562,0.55333
1497,0.85616
4757,0.03208
1354,0.23203
5896,0.83367
6453,0.00755
1426,0.74283
4271,0.30038
7673,0.81711
7782,0.06506
8181,0.26599
1797,0.30038
8615,0.96575
3097,0.99855
5306,0.10266
9633,0.26599
8700,0.26599
9876,0.9832
8045,0.00755
7750,0.70944
6370,0.81711
7093,0.28897
8018,0.26599
1118,0.26599
4849,0.41711
9627,0.26599
829,0.0531
4164,0.1714
1707,0.98875
6752,0.83777
6236,0.30038
4052,0.26599
5283,0.23867
2856,0.91005
4630,0.51974
9563,0.99855
6576,0.97142
5721,0.16124
4305,0.9832
8972,0.41119
1694,0.94018
3582,0.98771
3913,0.83777
470,0.26599
4195,0.03208
3422,0.26599
9744,0.26599
4206,0.02045
7971,0.85616
141,0.26599
1994,0.97326
1602,0.97567
1031,0.26599
9150,0.93916
8528,0.87833
7545,0.26599
7448,0.26599
1821,0.26599
10075,0.03208
5242,0.01222
822,0.01833
4826,0.26599
910,0.26599
10147,0.29204
2018,0.4469
8916,0.00755
4880,0.74283
184,0.26599
6081,0.98875
4281,0.26599
7418,0.9054
6054,0.26599
7972,0.01222
4894,0.98569
5313,0.77027
5046,0.26599
7183,0.96958
5347,0.03778
5051,0.77721
495,0.28208
5985,0.17111
1227,0.8174
7594,0.6848
6178,0.26599
9344,0.77063
3681,0.59667
2805,0.6848
8237,0.26599
5139,0.9832
2347,0.26599
1978,0.93916
7824,0.29204
873,0.92048
2569,0.14636
4704,0.98771
6974,0.88496
4454,0.26599
35,0.39701
8231,0.23262
9280,0.26599
6567,0.62833
2088,0.95713
925,0.98875
9958,0.23986
5234,0.30688
7623,0.26599
6074,0.10266
8115,0.1714
10462,0.89883
5008,0.30038
1256,0.26599
5001,0.26599
6885,0.26599
7509,0.85616
6251,0.27026
7250,0.89883
9502,0.83725
267,0.7237
4109,0.26599
819,0.26599
9397,0.9741
3707,0.0177
870,0.98771
10203,0.83725
9241,0.74283
5215,0.1714
982,0.97142
3878,0.03778
1847,0.00755
10457,0.97326
7811,0.26599
6205,0.50089
8311,0.26599
7657,0.26599
8174,0.26599
2119,0.02053
7893,0.26599
7754,0.95944
3684,0.26599
3585,0.01663
300,0.27026
9176,0.97326
5879,0.54278
1457,0.79377
5040,0.4469
1862,0.14636
9749,0.96575
161,0.98875
6134,0.99855
4995,0.0177
54,0.75095
5125,0.26599
2032,0.26599
8210,0.30688
3816,0.93047
1769,0.26599
6156,0.28897
8667,0.83367
2974,0.39701
3417,0.03582
2835,0.28208
1668,0.99115
10028,0.00755
5619,0.83725
3169,0.28897
9153,0.26599
8746,0.99115
8049,0.89883
10564,0.87833
8691,0.26599
2765,0.8174
52,0.66892
2663,0.02567
3014,0.9832
9453,0.92048
8078,0.0531
2356,0.26599
7595,0.41711
2195,0.29204
7633,0.9741
1259,0.03778
5214,0.07333
531,0.14636
2398,0.26599
5458,0.99855
2794,0.23203
153,0.26599
256,0.28208
8787,0.16124
4496,0.88496
9649,0.19333
461,0.03582
502,0.26599
529,0.01663
5529,0.56305
9391,0.99855
1032,0.78762
9896,0.03582
5557,0.41711
1836,0.56416
3476,0.56305
7104,0.7237
5480,0.26599
1717,0.89883
1333,0.97326
1806,0.01222
8297,0.26599
2806,0.0531
3407,0.1399
10518,0.05405
6043,0.26599
8857,0.50078
8456,0.91741
427,0.00611
4028,0.74283
1988,0.01663
7354,0.03582
2393,0.29204
452,0.93916
5445,0.97027
7637,0.95713
5486,0.85616
4175,0.23867
6068,0.0329
8968,0.10053
9384,0.54278
7470,0.77721
9319,0.99855
5817,0.98771
10294,0.74283
1313,0.26599
10181,0.35741
5269,0.26599
127,0.87833
989,0.92048
10234,0.26599
4799,0.8174
3834,0.01663
9206,0.26599
4753,0.21141
4437,0.26599
3520,0.51974
10124,0.26599
1318,0.26599
2055,0.30038
690,0.99855
1294,0.26599
6522,0.9741
4453,0.01833
624,0.03208
2863,0.50148
4922,0.26599
4120,0.02852
8164,0.02702
2317,0.1399
6058,0.23986
1428,0.26254
3577,0.96958
5811,0.97027
1430,0.07333
4488,0.22848
9634,0.99855
4482,0.9741
4580,0.98771
2571,0.74283
10499,0.96575
3932,0.0531
377,0.26599
5851,0.02702
6384,0.98875
6470,0.70944
8505,0.02852
4268,0.97142
10397,0.01833
4309,0.26599
1949,0.87833
2097,0.1399
9709,0.05218
4936,0.26599
4033,0.03582
3828,0.35741
8862,0.68222
374,0.77721
401,0.99855
10015,0.98569
7613,0.19157
4397,0.91005
2329,0.10266
4733,0.9741
1552,0.35741
2486,0.71123
940,0.26599
7118,0.6116
8060,0.71123
1550,0.29356
6202,0.00755
8980,0.98771
8162,0.9832
10066,0.26599
7981,0.77721
7336,0.83367
6277,0.85616
1670,0.98875
6007,0.85616
7832,0.89883
2612,0.03778
8320,0.99855
1779,0.98771
6107,0.77063
2537,0.98875
2726,0.6848
8717,0.30688
2201,0.1399
6276,0.87833
3293,0.0531
7907,0.83783
7321,0.07333
840,0.02053
1081,0.03582
8289,0.54278
343,0.05129
8184,0.00611
7166,0.43916
8805,0.99855
9407,0.26599
5573,0.0531
9330,0.95713
2215,0.99855
4105,0.03582
7699,0.26599
5850,0.05585
10228,0.95713
638,0.19157
5633,0.19333
5919,0.0531
4573,0.26599
7164,0.26599
5093,0.81711
9815,0.26599
8411,0.98771
8955,0.99115
9556,0.26599
7349,0.26599
8436,0.98875
2631,0.96575
2739,0.98875
3930,0.26599
6833,0.83777
9186,0.99855
3150,0.06506
8328,0.10266
4006,0.92048
3065,0.26599
3305,0.26599
2506,0.23262
9737,0.9832
5178,0.03778
9452,0.83725
10111,0.22848
1652,0.1399
10134,0.26599
7247,0.28897
4363,0.98875
1712,0.97027
4232,0.03422
5626,0.01663
3049,0.91741
5397,0.26599
8637,0.95576
8785,0.0531
4438,0.77721
1410,0.26599
6902,0.26599
187,0.50089
3883,0.96958
3988,0.84151
5620,0.26599
2904,0.26599
3926,0.02567
9020,0.26599
2947,0.88482
2364,0.98875
5291,0.98771
7078,0.23867
4477,0.26599
4333,0.92048
9247,0.05218
6957,0.01833
7281,0.66892
4012,0.26599
975,0.94018
8037,0.27026
10408,0.99115
2900,0.28208
6457,0.77721
9292,0.72972
2115,0.0531
9001,0.88482
8981,0.85616
6085,0.82238
49,0.26599
210,0.26599
1607,0.26599
5256,0.03778
3170,0.99855
147,0.9741
7627,0.96575
83,0.26599
3686,0.26599
5133,0.35741
935,0.00611
2875,0.28414
7277,0.26599
55,0.9741
1253,0.6848
3406,0.89883
2474,0.92048
8451,0.01663
7301,0.39544
8466,0.14159
7499,0.92048
4926,0.99855
9033,0.96958
3999,0.00611
1017,0.61259
947,0.98569
7798,0.23867
6280,0.77027
6393,0.00611
8056,0.02053
9003,0.26599
4481,0.23867
5134,0.4469
4804,0.02045
34,0.14636
5659,0.99855
4519,0.03422
6272,0.99855
765,0.10266
3752,0.89883
1753,0.56305
2123,0.05405
1802,0.26599
7678,0.29204
4547,0.41119
3793,0.02852
7453,0.06506
5330,0.66892
4093,0.96575
2362,0.83725
7116,0.20764
3135,0.6848
10536,0.00611
8484,0.26599
9002,0.26599
10204,0.01833
7570,0.26599
1275,0.95713
3630,0.03778
9096,0.05218
3475,0.00611
4818,0.91005
2019,0.39701
10402,0.26599
643,0.01222
9927,0.23867
2827,0.0531
288,0.96958
7886,0.88482
6584,0.95713
5554,0.99855
6329,0.46958
1233,0.26599
2541,0.70266
1150,0.77721
8459,0.85616
1814,0.05585
5564,0.03778
4306,0.6848
2144,0.3003
9792,0.21141
4634,0.08555
10084,0.26599
9847,0.26599
8510,0.83725
8921,0.51974
2509,0.88482
2111,0.85616
7505,0.01663
556,0.95576
9596,0.98771
1863,0.02852
8172,0.26599
8404,0.97326
3607,0.26599
7802,0.22848
3503,0.26599
5624,0.26599
331,0.54278
542,0.98771
9705,0.00611
3592,0.93047
5018,0.39544
5800,0.99855
8651,0.26599
7600,0.23867
9509,0.26599
5431,0.19737
7454,0.26599
8106,0.01833
3137,0.91005
702,0.77063
6287,0.02045
5657,0.06416
8027,0.41119
5350,0.55961
30,0.10266
2677,0.96958
3898,0.05218
9451,0.94018
9949,0.26599
8074,0.26599
6618,0.98875
8351,0.88482
7861,0.99115
8914,0.10053
9820,0.88482
9148,0.9741
1334,0.05218
1684,0.77721
6414,0.77063
6967,0.75133
1726,0.20764
9178,0.02567
6642,0.4469
1024,0.97296
6437,0.0177
7042,0.79377
5319,0.55961
4594,0.29356
3702,0.97142
4882,0.77721
4243,0.66892
4750,0.03778
5735,0.10266
1432,0.39701
7576,0.99855
7455,0.26599
5563,0.20764
2291,0.8174
5386,0.28414
8490,0.02045
2357,0.14636
5473,0.98771
7091,0.94018
2464,0.81711
2801,0.77721
6604,0.05585
2122,0.77721
4320,0.95944
1841,0.97027
8129,0.26599
3149,0.56305
10525,0.99855
1869,0.70266
8664,0.01663
1941,0.02053
5216,0.26599
7993,0.03582
7327,0.01833
4076,0.26599
6544,0.26599
3300,0.26599
9139,0.94018
6761,0.99855
2220,0.26599
5661,0.26599
1676,0.56416
1572,0.97142
9545,0.00755
212,0.79377
2498,0.26599
5758,0.02053
241,0.98875
7872,0.26599
10546,0.26599
9615,0.72972
882,0.26599
5753,0.64349
547,0.05218
10275,0.20764
7686,0.99855
6508,0.9832
4296,0.91005
6625,0.18378
404,0.00611
1289,0.26599
5239,0.29204
10261,0.72972
2649,0.03582
9886,0.94018
5341,0.14636
869,0.9741
5533,0.98569
1560,0.74283
9892,0.26599
1933,0.26599
5885,0.00755
7833,0.16124
7296,0.26599
7373,0.84151
8983,0.1399
5842,0.14636
2194,0.26599
132,0.26599
2659,0.29204
7896,0.26599
7887,0.26599
5745,0.83367
2409,0.9832
2253,0.9741
1434,0.77721
6946,0.00611
6510,0.26599
6982,0.41119
8999,0.14636
5170,0.03208
10158,0.26599
234,0.26599
9034,0.96958
3801,0.98771
3887,0.14636
10361,0.77063
5385,0.97142
6575,0.99855
3560,0.02045
2112,0.77721
4307,0.66892
8704,0.26599
10476,0.89883
4637,0.26599
2953,0.95713
1320,0.95713
3264,0.00611
7904,0.99855
9144,0.99855
4494,0.97027
4819,0.81711
3781,0.26599
3459,0.10053
5681,0.26599
6507,0.88482
3722,0.98771
398,0.01222
9377,0.81711
978,0.92048
3104,0.99855
2693,0.95576
3803,0.59667
9533,0.94018
1173,0.26599
10307,0.26599
10326,0.35741
5113,0.0329
1116,0.85616
10452,0.98875
8013,0.02045
6491,0.0329
9906,0.99115
7531,0.05218
102,0.03208
5233,0.98875
1661,0.43916
8280,0.26599
1000,0.96958
3743,0.99855
1501,0.99855
3809,0.26599
8647,0.91005
1959,0.23867
1690,0.02053
5498,0.97142
837,0.01222
8788,0.91005
4114,0.28414
1413,0.59667
6836,0.96575
4240,0.26599
1908,0.97142
5750,0.26599
10087,0.01833
2680,0.35741
4323,0.97884
4439,0.98771
8517,0.23262
933,0.98875
33,0.83783
4295,0.23867
3258,0.83725
7497,0.56305
9276,0.83777
9811,0.03582
3833,0.26599
7682,0.23867
1748,0.26599
3693,0.05129
3608,0.14636
10230,0.26599
5468,0.26599
10464,0.94018
6932,0.02852
3616,0.14636
9603,0.98875
10394,0.98875
5509,0.9832
3731,0.17111
5827,0.28414
10527,0.99855
7004,0.91005
3210,0.77721
59,0.50148
2660,0.97326
1909,0.30688
8569,0.98875
2862,0.03582
5966,0.26599
2639,0.03778
6838,0.89883
9527,0.00755
5345,0.88482
7702,0.26599
3242,0.26599
6516,0.0531
10412,0.26599
8213,0.26599
2598,0.99855
6193,0.23262
9593,0.9832
6646,0.97142
5388,0.39701
6413,0.97567
1540,0.02702
8660,0.26599
2999,0.26599
3194,0.26599
9437,0.99115
9473,0.08555
877,0.26599
9640,0.26599
4434,0.0177
8385,0.26599
2542,0.16124
3281,0.77063
7820,0.66892
1418,0.97326
6079,0.26599
3685,0.26599
9361,0.0531
3364,0.89883
7495,0.68222
8226,0.77027
8043,0.27026
9924,0.26599
6018,0.10053
3,0.26599
4592,0.26599
10125,0.23203
8900,0.23867
7028,0.97326
3419,0.4469
5514,0.26599
2770,0.02567
5007,0.91005
1931,0.41119
9768,0.3003
3337,0.59246
703,0.3003
6685,0.0177
6064,0.26599
1881,0.07333
4842,0.26599
8432,0.26599
3569,0.29204
9797,0.26599
2829,0.03582
3739,0.83725
2128,0.90266
2372,0.30038
3354,0.08555
3321,0.27026
8532,0.9054
1800,0.68222
2560,0.16124
3936,0.59667
2588,0.74283
4890,0.99855
8912,0.91005
6192,0.14159
8658,0.03582
5272,0.77027
10404,0.88482
2299,0.26599
9419,0.02852
3018,0.7237
8642,0.68222
6594,0.26599
8852,0.26599
9212,0.26599
7081,0.98771
8469,0.20764
1372,0.26599
2514,0.83777
2311,0.14636
5548,0.26599
9024,0.26599
10324,0.26599
7735,0.23986
1488,0.9054
9130,0.98771
2307,0.99855
2374,0.26599
10519,0.97027
10264,0.51974
9908,0.1714
1073,0.83725
118,0.98569
8884,0.74283
242,0.26599
6300,0.10266
5422,0.19157
899,0.29204
773,0.12833
70,0.9741
9249,0.72972
8847,0.02045
432,0.75133
468,0.98875
7830,0.51974
4642,0.85616
1782,0.98875
8683,0.26599
8551,0.00611
5224,0.06506
922,0.26599
757,0.97326
1101,0.26599
6804,0.02567
9266,0.9054
6487,0.26599
5627,0.26599
4972,0.9832
3596,0.99115
1420,0.26599
10209,0.91889
8629,0.50078
3147,0.9832
9821,0.97326
10377,0.26254
456,0.05129
9887,0.04278
8864,0.26599
5665,0.21141
1764,0.04667
9198,0.96575
7536,0.26599
991,0.99855
1537,0.26254
3450,0.8174
5663,0.9741
4221,0.1399
3350,0.26599
943,0.03582
3203,0.19737
1144,0.26599
2334,0.98875
7074,0.91005
10071,0.91889
7540,0.99855
4143,0.02702
6643,0.26599
1067,0.23262
6356,0.9741
8133,0.26599
108,0.26599
308,0.26599
7432,0.03582
2652,0.9741
4740,0.97326
7048,0.01663
490,0.10053
6808,0.26599
7990,0.05585
4460,0.1714
6803,0.99855
2414,0.16124
8085,0.70944
2031,0.9054
8476,0.88496
9840,0.39544
2853,0.88564
8114,0.59667
6245,0.98771
8918,0.02567
2621,0.19157
5344,0.82238
3775,0.26599
631,0.28414
10481,0.14159
8188,0.99855
9830,0.98875
5426,0.66892
6688,0.26599
4132,0.9054
588,0.97884
5600,0.83367
4743,0.26599
8711,0.10053
6039,0.28414
4576,0.08555
6941,0.59246
10202,0.88496
6632,0.26599
1079,0.71123
9642,0.26599
5401,0.26599
600,0.26599
4873,0.26599
5558,0.50089
483,0.81711
10378,0.98197
9004,0.58555
2809,0.9741
9542,0.98875
3215,0.29204
6924,0.26599
7213,0.79377
3105,0.91005
9771,0.98875
632,0.46053
3232,0.77721
1543,0.02702
2164,0.9741
4559,0.03582
9530,0.26599
2033,0.26599
2842,0.26599
4186,0.01663
4078,0.29356
8093,0.8174
7286,0.50078
7044,0.26599
9234,0.26599
8536,0.02702
307,0.98771
4382,0.99855
1350,0.00755
4632,0.19737
5639,0.30038
6445,0.39701
10511,0.26599
8601,0.01833
137,0.0531
2298,0.89883
8978,0.26599
7218,0.87833
856,0.55333
736,0.6848
7719,0.01663
3177,0.3003
2564,0.96575
3123,0.98569
4827,0.72972
6386,0.21141
708,0.66892
1414,0.99855
7190,0.77063
10298,0.68222
838,0.77721
10145,0.9832
3071,0.88482
5329,0.23262
462,0.59667
9809,0.14636
7279,0.99115
2707,0.26599
3671,0.54278
516,0.98875
10395,0.26599
8167,0.39701
2138,0.85616
5192,0.23262
1377,0.26599
1390,0.26599
1244,0.01663
8424,0.59246
205,0.26599
9592,0.26599
116,0.26599
8306,0.02139
7649,0.97142
9560,0.26599
2102,0.85616
10490,0.95944
97,0.0531
7618,0.05405
9413,0.23867
6148,0.92048
7147,0.96575
2430,0.8174
7539,0.99855
7475,0.98875
7796,0.98875
1582,0.66892
8454,0.03582
3164,0.26599
2375,0.96575
980,0.16124
10233,0.26599
2271,0.26599
7843,0.26599
6165,0.98875
3449,0.26599
8757,0.72972
9757,0.9741
6925,0.26599
6191,0.1714
6985,0.05405
9064,0.1399
2691,0.41711
657,0.23867
858,0.23867
6677,0.8174
642,0.01663
2627,0.14636
1569,0.9741
3674,0.03778
10095,0.06506
7423,0.35741
4993,0.91889
4983,0.26599
7070,0.98771
700,0.97142
2447,0.1399
2380,0.39544
8418,0.83725
1288,0.19737
9400,0.23262
8530,0.1714
784,0.26599
2969,0.19157
892,0.9741
5679,0.01222
4650,0.02567
994,0.98771
9751,0.97142
9462,0.62833
4958,0.99855
506,0.91005
4631,0.26599
4321,0.74283
5617,0.26599
7571,0.96575
6873,0.39701
7964,0.23262
4567,0.77721
7429,0.9054
3615,0.26599
8744,0.03582
1142,0.00611
6189,0.02045
3411,0.26599
9133,0.23986
5806,0.23867
2385,0.26599
801,0.26599
4672,0.26599
6530,0.9832
260,0.26599
6624,0.10266
2001,0.89883
8403,0.97142
4935,0.26599
7264,0.98569
9714,0.99115
5903,0.89883
3176,0.62833
7441,0.99855